,page_id,page_name,party,top_label,ad_creation_time,top_label_int,lat,uncorrelated_entropy,minus_cfa real entropy
0,38471053686,Elizabeth Warren,Democrat,Education and Culture,2020-02-12,6,0.0,3.3631639038936263,0.7422291487155142
1,828902563856302,Chuck Schumer D-NY,Democrat,Climate,2021-09-21,3,0.0,2.580020175520729,1.3148657399996329
2,79820371749,Ayanna Pressley,Democrat,Law and Crime,2019-04-20,12,0.0,2.2573276883896214,0.9686524444482516
3,124955570892789,Bernie Sanders,Democrat,Economy,2021-10-01,5,0.0,2.6952494452385767,0.0955522340471081
4,13063797831,Ben Ray Luján,Democrat,Climate,2019-04-30,3,0.0,1.0878413659207247,0.3661775480145907
5,248922701788783,Re-Elect Congressman Henry Cuellar,Democrat,Climate,2020-10-13,3,0.0,2.9173562083365443,0.940194494206501
6,1413682351987764,Andy Kim for Congress,Democrat,Climate,2021-09-24,3,0.0,2.1585969107865224,1.1500832561985863
7,184609361596971,Scott Peters,Democrat,Climate,2020-03-01,3,0.0,1.5199958310453303,1.244637260207467
8,167643896656391,Ted Lieu,Democrat,Climate,2021-07-22,3,0.0,1.7294654144019361,1.702127659574468
9,225507764589310,Dean Phillips for Congress,Democrat,Climate,2018-10-29,3,0.0,2.4313458296288566,1.3576067706747748
10,294879797332635,Debbie Dingell,Democrat,Climate,2020-07-03,3,0.0,2.3598063039211,2.181368182579139
11,2452029394813890,Congressman Joe Morelle,Democrat,Climate,2020-01-16,3,0.0,2.9930983578121486,2.4151189192307703
12,124939484209078,Langevin for Congress,Democrat,Climate,2020-02-19,3,0.0,2.21022498030592,1.720215344109668
13,1024984580892392,Josh Gottheimer for Congress,Democrat,Climate,2021-10-27,3,0.0,3.238509091804842,2.33195443745288
14,225418785297,Billy Long For Senate,Republican,Climate,2019-03-04,3,0.0,2.925128126291989,2.592548716135447
15,9068720389,Diana DeGette,Democrat,Climate,2021-08-04,3,0.0,2.6341561026472733,1.877694088349064
16,388316574835659,Mike Levin,Democrat,Climate,2019-08-08,3,0.0,1.7294654144019361,1.415929203539823
17,265302400637965,Dan Meuser for Congress,Republican,Economy,2020-05-04,5,0.0,1.6328318567489235,1.296804953119844
18,6820348410,Kirsten Gillibrand,Democrat,Climate,2019-08-01,3,0.0,2.463678313540824,0.2930375183296293
19,109092142462587,Adam Schiff,Democrat,Economy,2021-09-14,5,0.0,2.7914971834830427,0.4888994004927904
20,8338225975,David Price,Democrat,Climate,2019-12-10,3,0.0,1.9086126988727123,2.020805480487165
21,9514417573,David N. Cicilline,Democrat,Climate,2020-10-14,3,0.0,1.803124752784933,1.055536816015731
22,97493741436,John W. Hickenlooper,Democrat,Climate,2020-10-27,3,0.0,2.3087889744199055,0.6674250503794528
23,176789922364429,Steve Daines,Republican,Climate,2021-07-19,3,0.0,2.8195471389855458,1.1386678973635216
24,180252152142614,Joe Neguse,Democrat,Climate,2018-06-24,3,0.0,2.3006081122623816,2.191780821917808
25,6520632191,Bob Menendez for NJ,Democrat,Climate,2018-10-24,3,0.0,2.6027149735688657,2.105793273138121
26,983573491675080,Grace Meng,Democrat,Climate,2019-11-22,3,0.0,2.487841751381549,2.0623072408575296
27,1957446251204909,Nikema Williams,Democrat,Healthcare,2021-10-08,8,0.0,1.8569650843112393,1.6354390134829764
28,1156676274461345,Mikie Sherrill,Democrat,Climate,2018-08-02,3,0.0,3.154364209519768,1.913201779857449
29,287477271319818,Welch for Congress,Democrat,Climate,2020-10-21,3,0.0,1.741798131257283,1.2207056916850585
30,6713653788,Gary Peters,Democrat,Climate,2020-10-26,3,0.0,2.844979769414148,0.6920937399475496
31,392631677490897,Representative Alan Lowenthal,Democrat,Climate,2019-07-10,3,0.0,2.3774437510817346,2.2076073537047534
32,7530258205,Jim Himes,Democrat,Climate,2020-10-26,3,0.0,2.2226985348317254,1.818999159697472
33,36872302227,Cory Booker,Democrat,Climate,2020-09-26,3,0.0,2.5441194835716257,0.4870956022516313
34,111824001908,Hakeem Jeffries,Democrat,Climate,2019-03-07,3,0.0,3.069618986340303,1.829185205388516
35,462669013928631,Jacky Rosen for Nevada,Democrat,Climate,2018-05-21,3,0.0,1.2826475151950534,0.3471152840224497
36,119953292796,Jim Banks,Republican,Climate,2020-07-23,3,0.0,2.5086378543210777,2.0580392391842866
37,122732761250977,Mike Quigley,Democrat,Climate,2018-12-06,3,0.0,0.8631205685666311,1.5116526503387102
38,858210161010020,Tom Malinowski for Congress,Democrat,Climate,2019-06-21,3,0.0,2.4342404235017914,1.297486987193888
39,496696933682736,Jeff Merkley,Democrat,Climate,2019-07-19,3,0.0,2.6026502405192167,0.3096643396777176
40,198923770576,Annie Kuster,Democrat,Transport,2019-07-23,15,0.0,2.2995257417235253,1.815927192535593
41,1711465445765878,Nancy Pelosi,Democrat,Climate,2020-02-26,3,0.0,2.0463645868682487,1.1950308547410144
42,228132537208218,Tammy Duckworth,Democrat,Climate,2021-09-20,3,0.0,2.147952713294018,0.2549066725083852
43,10519905140,Sheldon Whitehouse,Democrat,Climate,2018-11-05,3,0.0,2.4150527699818163,1.527056804179888
44,7209432197,Chris Coons,Democrat,Climate,2021-04-15,3,0.0,2.762059554355715,1.285578908200503
45,1316372698453411,Alexandria Ocasio-Cortez,Democrat,Economy,2021-09-15,5,0.0,2.6984517885712695,0.2154425557154854
46,344010372303511,Angus King,Democrat,Climate,2018-10-23,3,0.0,2.455928030773627,1.7032098755780865
47,269499756522301,Seth Moulton,Democrat,Transport,2021-06-30,15,0.0,2.9257638026648243,1.872460647993512
48,7536934917,Chellie Pingree,Democrat,Climate,2020-10-15,3,0.0,2.4532925615678494,1.6930533654260909
49,303167829786891,Ed Markey,Democrat,Climate,2021-04-21,3,0.0,2.2302835605501676,1.1351004602665866
50,1354622541311687,Dr. Kim Schrier,Democrat,Climate,2021-11-01,3,0.0,2.400548496789826,1.2721182549632502
51,251734676525,Kevin Cramer,Republican,Agriculture,2021-06-21,1,0.0,3.360086516022173,2.906485459098225
52,399366360669553,Jamaal Bowman,Democrat,Climate,2021-09-17,3,0.0,1.570179027241112,0.3146862322513917
53,154054825137425,Rep. Jimmy Gomez,Democrat,Climate,2020-07-17,3,0.0,3.008208338376382,2.57759013342032
54,6817812700,Lee Zeldin,Republican,Climate,2020-09-28,3,0.0,2.9605787837576676,2.348401322530954
55,57495285387,Michael Bennet,Democrat,Climate,2019-06-12,3,0.0,2.908947880940788,1.267706742874342
56,95538659845,Adam Smith for Congress,Democrat,Climate,2021-06-01,3,0.0,2.661937286161254,2.0769691807915653
57,514167322309353,Dan Crenshaw,Republican,Climate,2020-10-24,3,0.0,2.873000149602623,0.8583458353952164
58,54787697857,Ron Wyden,Democrat,Climate,2019-05-16,3,0.0,2.4018823009578134,0.4059890633342154
59,176548369099092,Barbara Lee,Democrat,Climate,2019-04-16,3,0.0,2.3611641335645714,0.7841544392339027
60,99332606976,Congresswoman Jackie Speier,Democrat,Climate,2021-07-20,3,0.0,2.299896391167891,2.114097100278348
61,6196923117,Bill Foster,Democrat,Climate,2020-10-16,3,0.0,2.8453953287960916,2.4969492080025084
62,6444958138,Debbie Wasserman Schultz,Democrat,Healthcare,2020-10-02,8,0.0,2.6482587512049607,2.395027092293008
63,1012679305536045,Elissa Slotkin for Congress,Democrat,Climate,2018-10-10,3,0.0,1.56834215187345,1.1871785665819126
64,9252726787,Earl Blumenauer,Democrat,Climate,2019-07-22,3,0.0,2.4653055370635624,0.6789905188321523
65,451835328274640,Brian Fitzpatrick,Republican,Climate,2020-10-19,3,0.0,2.5196123002348156,1.8667499033108172
66,253507715172780,Andy Levin,Democrat,Climate,2021-08-06,3,0.0,2.1586758828041237,1.7303193859222972
67,317667194946264,Ro Khanna,Democrat,Climate,2021-08-20,3,0.0,2.7243005994129144,0.7750231780845743
68,128551641258085,Melanie Stansbury,Democrat,Climate,2021-03-25,3,0.0,2.847101591928423,2.374511226092639
69,324545627570369,Congresswoman Norma Torres,Democrat,Climate,2018-12-20,3,0.0,3.0257242609010735,2.398526338729266
70,868259909915525,Susie Lee,Democrat,Climate,2019-09-16,3,0.0,2.349069725725647,1.220826783742604
71,1624206881186861,Lisa Blunt Rochester,Democrat,Climate,2019-12-10,3,0.0,1.9528195311147833,1.7777777777777777
72,122571921086301,Jody Hice,Republican,Education and Culture,2019-11-01,6,0.0,1.96281504141429,1.70812344219174
73,30671144824,Paul Tonko for Congress,Democrat,Climate,2019-06-23,3,0.0,1.9455305560363265,1.8764662506490408
74,1752716341611327,Stephanie Murphy for Congress,Democrat,Climate,2019-12-05,3,0.0,2.165209850505962,0.5862620590981921
75,588113904993568,Kai Kahele,Democrat,Economy,2020-06-25,5,0.0,2.332976449796609,1.8537032744565731
76,592250887586314,Jake Auchincloss,Democrat,Climate,2020-10-17,3,0.0,2.931762168283634,2.631624808163565
77,7845419973,Steny Hoyer,Democrat,Climate,2020-05-22,3,0.0,1.959147917027245,1.9554340913024488
78,1934158976830122,Sean Casten for Congress,Democrat,Climate,2020-10-22,3,0.0,2.7371725399472218,1.322322777237287
79,591968597559569,Donald Norcross for Congress,Democrat,Climate,2020-03-04,3,0.0,2.3084197199502623,1.4860080403415834
80,1808068199405179,Congressman Adriano Espaillat,Democrat,Climate,2021-07-19,3,0.0,3.2347064159653116,2.745614866706532
81,136326264034,Suzan DelBene,Democrat,Climate,2019-05-03,3,0.0,2.6935267107226584,1.8144931014586043
82,139766499461199,Tom Rice for Congress,Republican,Economy,2018-06-05,5,0.0,2.4083212668383864,2.2645322906117675
83,350692761610088,Matt Cartwright for U.S. Congress,Democrat,Climate,2019-07-23,3,0.0,2.79828997634459,1.5037427706020914
84,347844152343949,Sara Jacobs,Democrat,Law and Crime,2020-02-10,12,0.0,1.8280172587716752,1.615101262662583
85,1790258774419239,Representative Sharice Davids,Democrat,Climate,2019-12-23,3,0.0,2.3508139099943612,1.5206867423641408
86,7609325759,Jim McGovern,Democrat,Climate,2019-07-02,3,0.0,2.4346531453165405,0.6617538892726468
87,137363449669160,Martin Heinrich,Democrat,Climate,2021-05-19,3,0.0,2.963698639430614,2.135428946513827
88,7606381190,Amy Klobuchar,Democrat,Climate,2019-09-16,3,0.0,2.276067891692338,0.5437599363479056
89,221401431386940,Pramila Jayapal,Democrat,Labor and Employment,2021-10-25,11,0.0,2.758932408932306,0.7465778914499144
90,229108053793264,Suzanne Bonamici,Democrat,Climate,2019-06-12,3,0.0,2.4995531243149247,1.2984352226363622
91,7835151610,Carolyn B. Maloney,Democrat,Climate,2019-11-23,3,0.0,3.1224830303742777,2.327716546805129
92,405355946226766,Todd Young,Republican,Climate,2021-05-19,3,0.0,2.278559062211514,1.3696883960899706
93,485980975070908,Abigail Spanberger,Democrat,Agriculture,2019-12-11,1,0.0,2.8692137144063343,1.483906560640578
94,180631442719210,Cliff Bentz,Republican,Law and Crime,2020-04-20,12,0.0,2.5924058940850867,2.3722437031818875
95,346635392021104,Representative Greg Stanton,Democrat,Climate,2021-10-18,3,0.0,3.2101587474764193,2.659797846459122
96,6433783047,Lloyd Doggett,Democrat,Climate,2020-10-15,3,0.0,2.2010787355881165,2.1961587113893803
97,159214207491260,Mark Takano,Democrat,Climate,2020-10-26,3,0.0,2.717628218162327,2.169491525423729
98,1819973358326612,Chrissy Houlahan,Democrat,Climate,2018-08-14,3,0.0,1.228289009257076,0.6262581421058446
99,178602115837123,David Trone,Democrat,Climate,2020-08-04,3,0.0,3.252012100684753,2.4382810341915646
100,163148530407080,Captain Mark Kelly,Democrat,Climate,2020-03-18,3,0.0,2.461059377805752,0.1788131619121604
101,861706743991799,Carolyn Bourdeaux for Congress,Democrat,Climate,2021-08-27,3,0.0,1.6201127934236323,0.8226889240193423
102,413721418649914,Jerry Nadler,Democrat,Climate,2020-06-16,3,0.0,0.380611812039543,0.2455841900491996
103,648335462024721,Haley Stevens,Democrat,Climate,2019-03-11,3,0.0,1.812163770736615,0.6305715527669233
104,144410222713433,Congressman Salud Carbajal,Democrat,Climate,2020-07-30,3,0.0,2.5970357962848625,2.128520035046762
105,147447783311,Charlie Crist,Democrat,Climate,2021-10-26,3,0.0,2.427089305085799,1.4210137176622444
106,110909022379213,Re-Elect Nydia Velázquez To Congress,Democrat,Climate,2020-06-08,3,0.0,2.1697367178034828,1.9753086419753083
107,344330745672593,Jared Huffman,Democrat,Climate,2019-03-05,3,0.0,0.9471692352590321,0.903954802259887
108,666196620070127,Maria Elvira Salazar,Republican,Climate,2018-11-02,3,0.0,2.4656347039684037,1.916035093143593
109,6691963292,Jeanne Shaheen,Democrat,Climate,2020-10-23,3,0.0,1.9721384564209659,0.9783186810993302
110,299511650083944,A. Donald McEachin,Democrat,Climate,2020-10-26,3,0.0,1.8924071185928766,1.7935693945650693
111,58080781287,Brian Schatz,Democrat,Climate,2019-09-18,3,0.0,0.0,0.9060416144050064
112,17146554445,Kurt Schrader,Democrat,Climate,2020-02-27,3,0.0,2.4903870684858473,1.3518675656964227
113,6596078916,Joe Courtney for Congress,Democrat,Climate,2019-05-02,3,0.0,2.4885548621928453,2.42124677503102
114,197908256931216,Tim Ryan,Democrat,Climate,2019-04-15,3,0.0,2.370149399515652,0.3174196505287775
115,7801901317,Ed Perlmutter,Democrat,Climate,2019-05-11,3,0.0,1.7442884007521282,0.896964261700659
116,109111900634787,Reverend Raphael Warnock,Democrat,Climate,2020-12-16,3,0.0,2.551310435840346,1.056230033164661
117,261548845154,Veronica Escobar,Democrat,Climate,2020-07-13,3,0.0,2.045097417196947,1.6454573917436062
118,181467702005600,Mark Warner VA,Democrat,Climate,2020-10-26,3,0.0,2.7429868090875495,1.0135364745785913
119,47918118982,Karen Bass,Democrat,Climate,2021-09-02,3,0.0,1.4697502975694747,0.664926932248133
120,1342596452479696,Rep. Tom O'Halleran,Democrat,Climate,2020-03-03,3,0.0,2.696370694098515,2.264599917324305
121,13883923426,Mazie Hirono,Democrat,Climate,2019-04-25,3,0.0,1.9265606284566055,0.852653585675025
122,359153387814647,Antonio Delgado,Democrat,Climate,2019-09-23,3,0.0,2.33898508418147,1.090381615907914
123,20809300888,Rick Larsen,Democrat,Economy,2020-10-24,5,0.0,2.401167467726506,1.1254578363382104
124,2382869555319923,Mondaire Jones,Democrat,Climate,2019-12-08,3,0.0,1.963308812025744,1.4454136051945456
125,107199049318619,Friends of Derek Kilmer,Democrat,Climate,2021-10-15,3,0.0,3.1353194758310745,1.5920091288304787
126,187975486067,Ted Deutch,Democrat,Climate,2020-10-26,3,0.0,2.1800365325772657,2.2857142857142856
127,471134912978464,Alex Padilla,Democrat,Climate,2021-08-09,3,0.0,2.3009786743716325,2.080838499786226
128,780941275347834,Ilhan Omar,Democrat,Climate,2021-09-24,3,0.0,3.257123820875776,0.7179994644621139
129,211797415586435,Albio Sires for NJ,Democrat,Climate,2020-07-04,3,0.0,2.3219280948873626,1.9349400790728015
130,428821014132730,Katie Porter,Democrat,Climate,2021-07-27,3,0.0,2.497071562137671,0.5132350143850257
131,6316744206,Jon Tester,Democrat,Climate,2019-08-26,3,0.0,2.7116924365844706,0.8540177986292723
132,1667702233477156,Jimmy Panetta for Congress,Democrat,Climate,2020-02-14,3,0.0,2.0720971456415787,1.010757383249916
133,1400772006635782,Josh Harder,Democrat,Climate,2019-11-22,3,0.0,2.453074286959301,1.011825409447508
134,241672016328637,Lauren Underwood for Congress,Democrat,Healthcare,2019-11-06,8,0.0,1.7986383177179113,0.2330801650866994
135,7090829369,Peter DeFazio,Democrat,Climate,2020-10-26,3,0.0,3.1605578737482527,0.7549996143680057
136,1505244559517282,Colin Allred,Democrat,Climate,2020-02-25,3,0.0,2.492049583851003,0.813367967769461
137,280704452367167,Jason Crow,Democrat,Climate,2021-08-16,3,0.0,3.017494131490064,1.947697569014097
138,1059320777468378,David Kustoff,Republican,Economy,2021-10-23,5,0.0,2.8178312645665344,1.7908501090697742
139,116487955096504,Virginia Foxx for Congress,Republican,Foreign Affair,2021-05-07,7,0.0,2.4137995646056805,2.220957037866936
140,303312929155,"Congressman Bill Pascrell, Jr.",Democrat,Economy,2021-03-31,5,0.0,2.4726995025836405,2.272281433204832
141,8408030527,Debbie Stabenow,Democrat,Healthcare,2019-11-01,8,0.0,2.73720100565689,1.5681324297174293
142,15224565129,Gerry Connolly,Democrat,Education and Culture,2021-03-09,6,0.0,1.5774062828523454,1.8380334106484983
143,6274109770,Rosa DeLauro,Democrat,Healthcare,2020-10-08,8,0.0,1.459147917027245,1.6545980772559183
144,100233228182981,Madison Cawthorn,Republican,Education and Culture,2021-10-29,6,0.0,2.34991643524988,0.8325920465008745
145,1351415261592848,Anthony Brown,Democrat,Economy,2021-07-10,5,0.0,1.584962500721156,1.723308333814104
146,123276481201934,Barry Loudermilk,Republican,Economy,2021-10-20,5,0.0,2.6671378023431322,2.4822274941722364
147,168857193154545,Barry Moore Republican for Congress,Republican,Law and Crime,2020-10-26,12,0.0,2.8885648273698923,2.3019550008653877
148,329286557095658,Joyce Beatty for Congress,Democrat,Healthcare,2020-03-15,8,0.0,0.2761954276479391,0.6987777718057119
149,6277148057,Doris Matsui,Democrat,Defense,2018-10-25,4,0.0,0.0,0.9509775004326936
150,449202631932231,Mike Johnson,Republican,Immigration,2021-10-28,10,0.0,2.616109732341684,1.9227965650988992
151,467804929927622,Jason Smith,Republican,Economy,2021-10-16,5,0.0,3.2934833623725015,2.717464796948279
152,1925027940842417,Sara A. Carter,Republican,Healthcare,2021-02-14,8,0.0,0.0,0.7337329341402556
153,1955556614754164,Congressman Guy Reschenthaler,Republican,Foreign Affair,2021-09-10,7,0.0,2.0577174691301483,1.9208569310610504
154,134597023235240,Rashida Tlaib,Democrat,Foreign Affair,2021-10-12,7,0.0,2.949775414581786,1.248446191153389
155,161183970656851,Ruben Gallego,Democrat,Other,2019-02-06,13,0.0,0.0,0.0
156,1558042497785635,Beth Van Duyne,Republican,Economy,2021-10-26,5,0.0,2.2870087114890305,1.9584118345744583
157,9268326479,Tim Walberg,Republican,Immigration,2021-09-24,10,0.0,2.722597111661558,1.9579894662828277
158,186908658003781,Congressman Steven Palazzo,Republican,Defense,2021-08-27,4,0.0,2.3437621626224825,2.16480467453317
159,178051136001622,Representative Trey Hollingsworth,Republican,Foreign Affair,2021-10-18,7,0.0,2.5728516896356806,1.5951493602374385
160,6396394069,Ron Kind,Democrat,Healthcare,2020-10-22,8,0.0,2.2443075460454027,1.9327757656753208
161,301842506513595,Dina Titus,Democrat,Civil Rights,2019-06-19,2,0.0,2.1822823865738394,1.7036524200002914
162,107698564046392,Lauren Boebert for Congress,Republican,Foreign Affair,2021-08-26,7,0.0,2.153499189944102,1.2051960988374932
163,100733324792130,Mary Miller for Baltimore,Republican,Economy,2020-03-26,5,0.0,2.235926350629033,2.1834982727114696
164,6406874733,Mike Rogers,Republican,Law and Crime,2020-09-29,12,0.0,2.563442567704156,2.4273333125882623
165,370872766769375,Rick Scott Is Not For Florida,Republican,Education and Culture,2018-10-18,6,0.0,2.7217067678241063,1.5318871119917077
166,228056857335,Michael Cloud,Republican,Other,2021-08-03,13,0.0,2.591793226077496,2.42124677503102
167,103987634439727,Marilyn Strickland,Democrat,Economy,2020-10-24,5,0.0,0.9373012413074897,1.0010968939798013
168,183963015310306,Andy Biggs,Republican,Law and Crime,2020-10-06,12,0.0,2.3502577847299713,1.7983538750472157
169,143654793536,Joe Wilson,Republican,Defense,2020-10-26,4,0.0,2.448476859632983,2.2857142857142856
170,314808986017,John Boozman,Republican,Economy,2021-09-13,5,0.0,1.584962500721156,1.5509775004326938
171,419237048158257,Susan Collins,Republican,Economy,2020-10-25,5,0.0,2.3291798044057592,0.9591164652970984
172,2046092952294722,Lucy McBath for Congress,Democrat,Law and Crime,2021-06-23,12,0.0,1.3432800047402595,0.3656964127286435
173,193628397865385,Chip Roy,Republican,Law and Crime,2021-06-21,12,0.0,2.7123232821773384,2.187944697075119
174,258648987534331,Sam Graves for Congress,Republican,Economy,2021-09-17,5,0.0,2.7063568479084013,2.45344529780426
175,188572961157305,Congressman Daniel Webster,Republican,Law and Crime,2021-10-22,12,0.0,2.64425318014874,2.111977150333661
176,590393634664831,Congresswoman Debbie Lesko,Republican,Immigration,2021-10-31,10,0.0,2.1678324278833276,1.5382780566339185
177,809836039361670,Congressman Kelly Armstrong,Republican,Other,2021-10-31,13,0.0,1.6038561897747248,1.6124500658940015
178,134535726580904,Maggie Hassan,Democrat,Economy,2021-11-04,5,0.0,1.5396028394686179,0.2889126255352258
179,6170309302,Dick Durbin,Democrat,Healthcare,2020-10-24,8,0.0,1.4489224650003636,1.0278176221608228
180,2222844871168340,Congressman Fred Keller,Republican,Economy,2021-10-21,5,0.0,2.6153798411020457,2.1900052862273327
181,369214063089791,Lummis for Wyoming,Republican,Economy,2020-08-02,5,0.0,1.8103197842062695,1.1425144305765709
182,581436541959362,Captain Clay Higgins,Republican,Foreign Affair,2021-10-08,7,0.0,1.7799077162074428,1.7738204976606533
183,1179140112096711,Grace Napolitano for Congress,Democrat,Defense,2020-02-29,4,0.0,2.1800365325772657,2.0
184,148899492344271,Pete Stauber,Republican,Defense,2021-09-27,4,0.0,3.0775258839196753,2.678999354455408
185,208149456389,Bill Johnson Leads,Republican,Education and Culture,2020-08-29,6,0.0,1.3328204045850196,1.51058409350556
186,180060629247353,Elaine Luria for Congress,Democrat,Defense,2021-07-20,4,0.0,1.240519303561787,0.7977422726676081
187,115883606515801,Bob Good for Congress,Republican,Law and Crime,2020-10-26,12,0.0,1.1227853151355565,1.3385401008907718
188,392278561514332,Filemon Vela,Democrat,Defense,2020-02-20,4,0.0,0.0,0.9060416144050064
189,104187388110503,Mark Amodei Isn't Fighting for Us,Republican,Healthcare,2020-10-27,8,0.0,0.8631205685666311,0.8973729187840861
190,2429204567121956,Eric Henry,Republican,Education and Culture,2019-05-04,6,0.0,1.0,0.6666666666666666
191,58736997707,Marco Rubio,Republican,Education and Culture,2021-11-01,6,0.0,1.9956290004331076,0.756453689531972
192,113771221981233,Andy Harris,Republican,Healthcare,2019-04-25,8,0.0,2.197159723424149,2.194563462536985
193,103147688330160,Rep. Blake Moore,Republican,Healthcare,2021-11-01,8,0.0,1.9219280948873625,1.9349400790728015
194,52563647525,Kyrsten Sinema,Democrat,Immigration,2020-06-19,10,0.0,1.797026584130962,0.2183068867804728
195,19437978960,Chris Murphy,Republican,Law and Crime,2020-08-29,12,0.0,1.8840820031719006,0.2162668857193618
196,139151419572310,Lance Gooden,Republican,Immigration,2021-10-23,10,0.0,2.9002402229617257,2.5007867505107964
197,29921386086,Linda Sánchez for Congress,Democrat,Labor and Employment,2020-10-19,11,0.0,2.2656439197884763,1.7044550898363782
198,103935277670393,Scott Fitzgerald,Republican,Law and Crime,2021-06-11,12,0.0,0.9709505944546688,1.4512050593046013
199,484300471681895,John Katko for Congress,Republican,Immigration,2021-10-19,10,0.0,2.6486957268364675,1.7290270771422696
200,533125513515803,Mike Gallagher,Republican,Foreign Affair,2021-10-25,7,0.0,2.2201910060394114,1.2371400838097817
201,6266829799,Sherrod Brown,Democrat,Healthcare,2020-03-06,8,0.0,2.243753191136694,0.8537713186790546
202,1801742833410767,Rep. Lou Correa,Democrat,Economy,2021-04-19,5,0.0,2.7439040308157994,1.5589983321842098
203,448838595500528,John Rose for Tennessee,Republican,Agriculture,2021-09-23,1,0.0,1.2516291673878228,1.4339850002884624
204,6781166087,Bob Casey,Democrat,Healthcare,2021-05-22,8,0.0,0.32323605996916355,0.4550172099751669
205,99990019454,Brad Wenstrup,Republican,Healthcare,2020-10-26,8,0.0,1.912895134602381,1.3827726689735005
206,548407915183371,Liz Cheney,Republican,Immigration,2021-07-20,10,0.0,2.6560194892481146,2.2647733175670792
207,436881033058309,Mark Pocan,Democrat,Other,2020-03-15,13,0.0,1.459147917027245,1.4099795458479032
208,143089732792,Marsha Blackburn,Republican,Immigration,2021-05-13,10,0.0,2.577240490521092,1.5495812264529474
209,1671503326464563,Warren Davidson For Congress,Republican,Defense,2020-10-09,4,0.0,0.0,1.0
210,629062130882339,Congressman Michael F.Q. San Nicolas - Guam,Democrat,Transport,2021-04-29,15,0.0,0.0,0.0
211,154510321337994,Chris Pappas for Congress,Democrat,Civil Rights,2021-05-11,2,0.0,2.9225909843269635,1.8952095439296095
212,471928596287830,Brian Mast,Republican,Foreign Affair,2021-11-02,7,0.0,3.0811283150841615,2.4568144653618784
213,74184744386,Ken Buck,Republican,Other,2021-07-08,13,0.0,2.3769361998115546,1.7062014282031457
214,598408017216304,Lori Trahan,Democrat,Other,2018-11-02,13,0.0,2.1833830982290134,1.9208569310610504
215,1494279480805358,Don Young,Republican,Other,2020-10-26,13,0.0,2.78483507559608,2.2654919549337875
216,2204789813171086,Congresswoman Carol Miller,Republican,Economy,2020-07-31,5,0.0,1.5219280948873626,1.0554218613124375
217,6355254859,Michael McCaul,Republican,Healthcare,2020-07-25,8,0.0,1.5219280948873626,1.0554218613124375
218,151092200743,James Lankford,Republican,Foreign Affair,2021-08-10,7,0.0,1.1401156785146092,1.5033036354948186
219,69983322463,Ted Cruz,Republican,Immigration,2021-07-27,10,0.0,2.984655962048753,1.9465617170627896
220,18904726924,Yarmuth for Congress,Democrat,Other,2020-10-04,13,0.0,1.5,1.1428571428571428
221,108864587529774,G. K. Butterfield for Congress,Democrat,Defense,2020-07-24,4,0.0,0.7793498372920851,1.202642908395855
222,745304825534862,Steve Scalise,Republican,Law and Crime,2020-10-23,12,0.0,2.3392973489429396,2.015225983388454
223,6358769182,Steve Cohen,Democrat,Defense,2019-12-07,4,0.0,0.0,0.0
224,107330253280356,Tim Burchett for Congress,Republican,Foreign Affair,2021-09-17,7,0.0,1.870537215651068,1.3141088236990954
225,10148632367,Jim Risch for US Senate,Republican,Economy,2020-10-26,5,0.0,1.2799376545731966,1.5078539853523376
226,331707031806,Mike Kelly for Congress,Republican,Healthcare,2020-10-26,8,0.0,3.045771062635236,2.5437982739508502
227,5962789983,Adrian Smith,Republican,Law and Crime,2021-07-30,12,0.0,1.0,0.6666666666666666
228,62009756135,Adam Kinzinger,Republican,Immigration,2021-04-09,10,0.0,2.746540742914668,2.601404098261425
229,401029529980053,Congressman Brad Schneider,Democrat,Social Welfare,2020-07-22,14,0.0,2.7795773274306965,1.6361560205732135
230,2116141045107743,Mike Garcia for Congress,Republican,Other,2021-11-01,13,0.0,1.3674366128656912,0.5844209775510278
231,305643856459460,Burgess Owens,Republican,Civil Rights,2021-10-18,2,0.0,2.350232122956961,1.82800308340046
232,108252177711618,Swampy Jim Hagedorn,Republican,Healthcare,2020-10-19,8,0.0,0.0,0.6549946429601651
233,405814980262805,Rush Darwish,Democrat,Foreign Affair,2021-05-16,7,0.0,2.203034735237812,1.8647548287774924
234,1431647400421353,Troy E. Nehls,Republican,Immigration,2021-05-25,10,0.0,1.6719292313831084,1.4320918208148723
235,104898837935556,Dr. Michael Burgess,Republican,Law and Crime,2020-07-15,12,0.0,0.0,0.9060416144050064
236,497741237272262,Susan Wild for Congress,Democrat,Defense,2021-10-29,4,0.0,1.8748529603061834,1.3944514604899136
237,474676692900828,Anthony Gonzalez for Congress,Republican,Economy,2020-10-20,5,0.0,0.4537163391869449,0.579225912421248
238,103774718121881,Yvette Herrell: Out for Herself,Republican,Economy,2020-10-23,5,0.0,0.9649567669505686,0.8416077861660591
239,131182018871,Patty Murray,Democrat,Healthcare,2021-05-05,8,0.0,1.436459249415788,1.1754789347565688
240,159964696102,Kevin McCarthy,Republican,Foreign Affair,2021-09-21,7,0.0,1.0415591571644263,0.2066465670716191
241,119707748062556,Ron Johnson,Republican,Other,2021-09-27,13,0.0,1.0,1.3333333333333333
242,208375572621634,Yvette D. Clarke,Democrat,Immigration,2019-11-19,10,0.0,1.0,1.1428571428571428
243,229083393820990,Richard Hudson,Republican,Law and Crime,2021-09-07,12,0.0,2.6019262226240065,2.051337272573849
244,334748476594191,Rodney Davis,Republican,Defense,2021-05-25,4,0.0,2.002518874849459,1.2310380331192112
245,895094683900337,Dwight Evans,Democrat,Civil Rights,2021-08-20,2,0.0,2.0368612886898774,1.72472641273489
246,105908984600679,Shady Steve Chabot,Republican,Other,2020-10-21,13,0.0,0.8314743880097293,0.8522275449181891
247,22753043010,Pete Sessions,Republican,Defense,2020-07-11,4,0.0,2.916039024631697,2.605981145121405
248,109592402468562,Deb Fischer,Republican,Economy,2021-10-13,5,0.0,3.2417542898853466,2.5848086735529603
249,230276277419636,"Congressman Neal Dunn, M.D.",Republican,Agriculture,2021-07-13,1,0.0,2.9867885147868334,1.6354793417411495
250,521924961194913,Bruce Westerman,Republican,Labor and Employment,2021-07-07,11,0.0,1.4913146570363984,1.3617021276595744
251,704516012940877,Jim Costa for Congress,Democrat,Agriculture,2020-02-26,1,0.0,1.927953164318324,1.505687113941109
252,1446823768756602,Michael Guest,Republican,Economy,2021-10-28,5,0.0,1.9037016960573483,1.7640522836274948
253,9351652533,Maria Cantwell,Democrat,Healthcare,2018-11-02,8,0.0,0.0,0.7337329341402556
254,243856543217942,Jerry Carl For Congress,Republican,Immigration,2021-04-08,10,0.0,2.5779541148781244,1.812654165692762
255,406348549806000,Mary Gay Scanlon,Democrat,Labor and Employment,2020-10-23,11,0.0,0.9182958340544894,0.792481250360578
256,315324541967534,Blaine Luetkemeyer,Republican,Economy,2020-10-13,5,0.0,0.3712323266408757,0.8460788715683565
257,272083892815201,Randy Weber,Republican,Other,2020-10-22,13,0.0,2.4832156925345847,2.2764000930268256
258,1626709737546995,Chuck Grassley,Republican,Defense,2021-10-29,4,0.0,1.9455136453368538,1.6560679589245388
259,385494895552183,Congressman Ed Case,Democrat,Foreign Affair,2021-11-01,7,0.0,2.5495234595978316,2.220957037866936
260,1533092446942704,Nicole Malliotakis for Congress,Republican,Law and Crime,2020-10-26,12,0.0,2.5952237803705542,1.7463367856950327
261,15087035334,Brian Higgins,Democrat,Education and Culture,2021-08-26,6,0.0,1.7924812503605783,1.938721875540867
262,6314129300,Dianne Feinstein,Democrat,Immigration,2018-07-17,10,0.0,0.3533593350214213,0.6484877439130201
263,143909879708775,Madeleine Dean,Democrat,Law and Crime,2018-10-21,12,0.0,0.9182958340544894,0.792481250360578
264,191975737491988,Jennifer Wexton,Democrat,Healthcare,2020-10-01,8,0.0,1.4648957541578702,0.8807393046915385
265,6766783198,John Carter,Republican,Education and Culture,2021-10-15,6,0.0,3.0173028581012558,2.0130151948521924
266,297987334762,Jamie Raskin,Democrat,Education and Culture,2021-10-29,6,0.0,1.7527152789797047,1.7830828133113006
267,6547233882,Christopher Smith,Republican,Labor and Employment,2020-10-24,11,0.0,2.8190677202055507,2.415220840922898
268,107556969286867,John B. Larson,Democrat,Labor and Employment,2021-06-22,11,0.0,2.8218881955261788,2.588229311240056
269,15359195337,Patrick Leahy,Democrat,Civil Rights,2020-08-04,2,0.0,0.0,1.0339850002884623
270,110557007154443,Robert Aderholt for Congress,Republican,Economy,2020-10-23,5,0.0,1.432375717195436,0.8271928721848761
271,2099566776755945,Rep. Dusty Johnson,Republican,Agriculture,2021-10-21,1,0.0,2.53181429960639,2.396868448088694
272,492934580740220,Shelley Moore Capito,Republican,Healthcare,2019-12-12,8,0.0,1.4046784730635713,1.6317097831730785
273,309501559175104,Dan Newhouse for Congress,Republican,Economy,2021-04-12,5,0.0,2.0486283508674275,1.521410450927542
274,318714801543186,Jim Cooper for Congress,Democrat,Healthcare,2020-08-04,8,0.0,1.1286957922515122,0.4882339991235207
275,21836146886,Brett Guthrie,Republican,Defense,2020-09-14,4,0.0,2.1219280948873624,2.076205059304601
276,2225580284361712,Tommy Tuberville,Republican,Education and Culture,2020-10-29,6,0.0,2.521943441693083,1.8650681993517009
277,7707979947,Raúl Grijalva,Democrat,Climate,2019-12-20,3,0.0,0.6360156177392153,0.5170300089590236
278,572946842722169,Jake LaTurner,Republican,Transport,2021-10-21,15,0.0,2.970594923902587,1.7315056896029752
279,432815573442336,Kathleen Rice,Democrat,Healthcare,2020-10-19,8,0.0,1.3921472236645347,1.6781955889988711
280,191159267565100,Congressman Bob Gibbs,Republican,Law and Crime,2021-04-15,12,0.0,2.247217726488666,1.9104477611940296
281,894096170667732,Ashley Hinson,Republican,Agriculture,2021-10-10,1,0.0,2.8085808235495575,1.7664112596456527
282,271736323517059,Congressman Greg Steube,Republican,Agriculture,2021-10-28,1,0.0,2.4908048220420054,2.0185185195668214
283,48713703067,Tiffany & Co.,Republican,Other,2018-12-10,13,0.0,0.0,0.6666666666666666
284,834645469890446,Devin Nunes,Republican,Immigration,2021-09-27,10,0.0,2.622850563738152,0.6548118320513223
285,868348663497441,U.S. Representative Greg Pence,Republican,Economy,2020-07-20,5,0.0,1.9728596777551872,1.6203429475846542
286,522923054735947,Troy Balderson for Congress,Republican,Immigration,2021-10-23,10,0.0,2.741470623163608,2.050254629828078
287,876319055750124,Senator Troy A. Carter,Democrat,Other,2021-04-24,13,0.0,2.75591017376521,2.029524448072782
288,1099779163410386,John Barrasso,Republican,Immigration,2021-08-06,10,0.0,2.5163450265000136,1.7393027768814235
289,345378512258813,Elise Stefanik,Republican,Housing,2021-09-27,9,0.0,2.8156021876314394,0.8551750405568451
290,19575976198,Eleanor Holmes Norton for US Congress,Democrat,Economy,2018-06-10,5,0.0,0.9709505944546688,1.2899600527152013
291,164203030438398,Mike Braun,Republican,Economy,2019-12-18,5,0.0,2.9198404969431007,2.1327897048479447
292,288035911228085,Frank Lucas,Republican,Foreign Affair,2021-06-23,7,0.0,2.0791853981338506,1.5214601795127105
293,1482684292028934,Senator Chris Jacobs,Republican,Other,2019-05-14,13,0.0,2.8971482213986803,2.3771971759293
294,340393855322,Van Taylor,Republican,Defense,2021-09-17,4,0.0,2.3377669865028397,1.7513551428731915
295,131177916946914,Rep. Austin Scott,Republican,Economy,2021-09-21,5,0.0,1.9900883267929619,1.9469674194774864
296,259130650776119,Mitch McConnell,Republican,Economy,2020-10-04,5,0.0,2.677132417934599,1.0324965062039284
297,163101747070769,Tom Emmer for Congress,Republican,Economy,2021-10-06,5,0.0,1.7174465641646706,1.6952316625249937
298,1064897643682844,Rep. William Timmons,Republican,Economy,2021-10-31,5,0.0,2.5611736290460114,2.236879473410569
299,179042532903649,Cindy Hyde-Smith,Republican,Economy,2021-10-13,5,0.0,2.899292158694882,2.4619009131226037
300,1642386799323957,Angie Craig,Democrat,Other,2021-09-18,13,0.0,2.4812635250459407,1.6966747519644227
301,137746666253194,Ann Kirkpatrick,Democrat,Healthcare,2020-03-19,8,0.0,1.8662609770003125,1.6900105551767477
302,282013615225217,Betty McCollum for Congress,Democrat,Foreign Affair,2021-05-07,7,0.0,2.0464393446710156,1.9540753499337424
303,6553468980,Jerry McNerney,Democrat,Agriculture,2018-11-06,1,0.0,0.7219280948873623,0.9674700395364008
304,395759603917487,Rep. Brenda Lawrence,Democrat,Labor and Employment,2020-04-09,11,0.0,0.0,0.0
305,203550842430,Mike Lee,Republican,Healthcare,2021-10-19,8,0.0,2.827673265565442,2.119573036334138
306,106168061412748,Congressman Scott Franklin,Republican,Law and Crime,2021-11-05,12,0.0,1.5304930567574826,1.7830828133113006
307,105473048278,Mo Brooks,Republican,Education and Culture,2021-10-30,6,0.0,2.082373681132013,1.3526216330936809
308,2142236792490640,Ritchie Torres For Congress,Democrat,Other,2020-10-01,13,0.0,2.308130958802139,1.4893871158982417
309,1374601146109275,French Hill for Arkansas,Republican,Economy,2021-11-04,5,0.0,2.4677484939907477,1.8526092426110148
310,63158229861,Congressman Brad Sherman,Democrat,Healthcare,2020-08-02,8,0.0,1.5,1.1428571428571428
311,115356957005,Congressman Hank Johnson,Democrat,Other,2019-08-23,13,0.0,0.0,0.6666666666666666
312,54172246106,Rand Paul,Republican,Healthcare,2021-11-01,8,0.0,1.7145997103813222,1.2334167474690416
313,1798692620212857,Congressman Darren Soto: Our Progressive Champion,Democrat,Law and Crime,2018-08-27,12,0.0,0.0,1.0
314,7954512692,Emanuel Cleaver II,Democrat,Economy,2021-07-16,5,0.0,0.0,0.0
315,1000253160054572,Cori Bush,Democrat,Civil Rights,2021-09-23,2,0.0,0.5023383168129669,0.0813197333348172
316,512954815727434,Jake Ellzey,Republican,Immigration,2021-09-29,10,0.0,2.787244675550919,2.4103921976749865
317,358951317539562,Katherine Clark,Democrat,Law and Crime,2020-07-29,12,0.0,2.18208667703699,0.5629283625455473
318,327202261326682,Stephanie Bice,Republican,Immigration,2021-05-11,10,0.0,2.6487188613956594,1.9674727981996056
319,105596689621089,Congressman David G. Valadao,Republican,Defense,2018-09-13,4,0.0,1.1488348542809168,1.6376237045336022
320,1054570378014827,Dr. John Joyce for Congress,Republican,Foreign Affair,2021-06-07,7,0.0,2.7516291673878226,2.3899750004807707
321,153594440504,Tom Reed,Republican,Law and Crime,2020-10-08,12,0.0,1.987368997769201,1.5413604455058325
322,277414242013,Joyce Elliott,Republican,Labor and Employment,2020-10-31,11,0.0,2.36940973518763,1.7810664159696905
323,15351475322,Cathy McMorris Rodgers,Republican,Economy,2021-07-26,5,0.0,2.849772463849793,1.7744370947143229
324,103806957816376,Kat Cammack,Republican,Economy,2021-10-20,5,0.0,2.448224917715158,2.1448749195736405
325,1596102157365797,Richard Burroughs,Republican,Other,2020-07-29,13,0.0,0.0,0.0
326,102682681124239,August Pfluger,Republican,Economy,2021-10-26,5,0.0,2.582949651831521,2.185784997823275
327,6541047167,Roy Blunt,Republican,Foreign Affair,2020-10-26,7,0.0,0.9182958340544894,1.188721875540867
328,552403241860058,Sheila Jackson Lee,Democrat,Other,2020-03-02,13,0.0,1.6437162949286124,1.1290874565602127
329,118502801658228,Young Kim,Republican,Economy,2021-09-01,5,0.0,1.7489456073732543,0.6886570742710765
330,101501768597429,Julia Letlow,Republican,Healthcare,2021-08-05,8,0.0,1.5,1.6
331,106904617757749,Scott Robertson Selma Mayor,Democrat,Economy,2020-10-26,5,0.0,1.8423709931771086,1.7864985867639298
332,119622908096040,David Rouzer,Republican,Law and Crime,2020-06-25,12,0.0,3.061819864760102,2.444917024994166
333,9312415125,Mario Diaz-Balart,Republican,Housing,2018-11-01,9,0.0,2.895423870280316,2.4816738679019914
334,313842111853,Patrick McHenry,Republican,Economy,2021-10-29,5,0.0,1.8671528081646873,1.7615735135132369
335,628891490457484,Nancy Mace,Republican,Economy,2021-11-01,5,0.0,3.1472434595242875,2.008111907701012
336,284624954962951,Gus Bilirakis for Congress,Republican,Defense,2020-09-18,4,0.0,2.5916218982479204,2.164122537385904
337,113511682005041,Vicky Hartzler,Republican,Defense,2018-12-21,4,0.0,0.4021791902022729,0.608174158380897
338,662684547112113,Garret Graves,Republican,Healthcare,2020-10-26,8,0.0,1.584962500721156,1.188721875540867
339,1628922377207463,Randy Feenstra,Republican,Immigration,2021-10-19,10,0.0,2.970655557446058,2.4646196466295858
340,1684674575133005,Ron Estes,Republican,Foreign Affair,2021-07-23,7,0.0,2.275170354773194,1.851084822830576
341,429681917483068,Terri Sewell,Democrat,Civil Rights,2021-09-02,2,0.0,0.0,0.6378923337602644
342,148700451434,Paul Gosar for Congress,Republican,Law and Crime,2020-07-24,12,0.0,2.0588138903312014,2.037808929498629
343,411431975550358,Marc Veasey,Democrat,Education and Culture,2020-03-24,6,0.0,2.6397251503270547,2.2585306709116635
344,208525282490982,Latta for Congress,Republican,Healthcare,2020-10-22,8,0.0,2.603736553087161,2.2926731863470438
345,207425149422656,Ben Sasse,Republican,Defense,2020-10-28,4,0.0,2.531739270794716,1.6312534036037594
346,1411485062416786,Jack Reed,Democrat,Healthcare,2020-10-20,8,0.0,0.0,0.0
347,19463427992,Darrell Issa,Republican,Education and Culture,2020-10-26,6,0.0,1.778423503030125,1.4928135181210889
348,189777861073219,Cheri Bustos,Democrat,Healthcare,2020-10-25,8,0.0,2.407660460118314,2.0531195830772746
349,238609612987036,Gary Palmer for Alabama,Republican,Foreign Affair,2021-08-03,7,0.0,2.8481525312902596,2.515098649350314
350,1839188776364414,James Thompson,Democrat,Law and Crime,2020-11-02,12,0.0,2.2942441543252436,0.5085871284191734
351,1802584223384451,Mariannette Miller-Meeks,Republican,Other,2021-08-16,13,0.0,2.6941376068115095,2.322095667665464
352,1714470218843866,Rep. Jack Bergman,Republican,Labor and Employment,2020-04-15,11,0.0,1.764727015160215,1.1730661500638602
353,1844412109137727,Congressman Raja Krishnamoorthi,Democrat,Healthcare,2020-07-02,8,0.0,2.5223528557376276,1.8756718451919447
354,104784143701,Al Lawson for Congress,Democrat,Economy,2020-10-26,5,0.0,2.2578297734407218,0.9421354489836882
355,159817223047,David Scott for Congress,Democrat,Law and Crime,2020-06-08,12,0.0,2.873140679513133,2.531879807149168
356,747783932079184,Jared Golden for Congress,Democrat,Defense,2021-10-06,4,0.0,2.3095004600684534,0.926379367728226
357,6690879844,Roger Wicker,Republican,Immigration,2021-04-29,10,0.0,1.7124824760541373,0.7314319442875375
358,135002490472474,Conor Lamb,Democrat,Healthcare,2020-10-21,8,0.0,1.4720536363508037,1.3570477079337435
359,11234736860,Tom McClintock,Republican,Education and Culture,2020-10-23,6,0.0,2.7551207512509555,2.48156400069231
360,89324781720,Pat Toomey,Republican,Foreign Affair,2020-08-10,7,0.0,1.316421886822755,1.2738555548990709
361,389345604744691,Congressman Drew Ferguson,Republican,Law and Crime,2021-10-27,12,0.0,1.7107770844150678,1.787110714903848
362,683901068308643,Dr. Brian Babin,Republican,Immigration,2021-06-25,10,0.0,1.7866175500715828,1.0622874519501395
363,656263988182462,Bill Hagerty,Republican,Foreign Affair,2021-08-26,7,0.0,2.8437506791884575,2.14710212632618
364,134498556891640,Val Demings,Democrat,Defense,2021-08-18,4,0.0,1.1162612348674272,0.4182959244027286
365,173753129419169,Representative Marcy Kaptur,Democrat,Economy,2021-03-05,5,0.0,1.7819370635467042,1.7758593616402358
366,7656215652,Tim Kaine,Democrat,Education and Culture,2018-10-25,6,0.0,1.9307787667513223,0.8617116070097718
367,412968318875397,Randy Keating,Democrat,Law and Crime,2020-02-27,12,0.0,1.501614471810182,1.641025641025641
368,505874336155964,Mike Bost,Republican,Law and Crime,2018-11-02,12,0.0,1.8592175302457252,0.5333522572784584
369,485493954794945,U.S. Rep. Tony Cárdenas,Democrat,Labor and Employment,2019-10-04,11,0.0,2.2359263506290326,2.1834982727114696
370,154269528015922,Byron Donalds,Republican,Housing,2021-10-05,9,0.0,2.6700068526410363,1.7240450302902046
371,1336293769761923,Jon Ossoff,Democrat,Social Welfare,2021-01-03,14,0.0,2.6313724556391636,1.4498867514628442
372,698400060189827,Dan Sullivan,Republican,Economy,2020-10-31,5,0.0,2.624348827137937,1.5404048479850858
373,101724361319410,Ronny Jackson for U.S. Congress TX-13,Republican,Immigration,2021-07-12,10,0.0,1.4065707763464623,1.3044266965770084
374,1404888666493762,Darin LaHood,Republican,Law and Crime,2021-10-28,12,0.0,2.1934409513278723,1.1356739755135337
375,7357041101,Tammy Baldwin,Democrat,Education and Culture,2020-02-13,6,0.0,2.3141789954218326,0.4203348053154673
376,68563629337,Fred Upton,Republican,Law and Crime,2020-11-01,12,0.0,2.5502666377120318,2.23478181863137
377,1491458271125644,"Jesús ""Chuy"" García",Democrat,Labor and Employment,2021-05-07,11,0.0,2.396191233786226,1.280358291173607
378,1548853772019803,Congressman Rick Allen,Republican,Law and Crime,2021-09-13,12,0.0,2.742836739761725,2.556682634754567
379,2040270322863853,Tina Smith,Democrat,Economy,2020-10-21,5,0.0,1.9971356393718567,0.5555735331297295
380,1295279420598401,Victoria Spartz,Republican,Defense,2020-10-26,4,0.0,2.619303472652425,1.979497465199962
381,528662157146886,Congressman Ami Bera,Democrat,Healthcare,2019-11-20,8,0.0,0.776973435606965,1.0062893081761006
382,143729616392084,Van Drew for Congress,Republican,Foreign Affair,2021-08-21,7,0.0,1.8246491822873945,0.7158315790737407
383,206690159663661,U.S. Congressman Vicente Gonzalez 2022,Democrat,Other,2021-10-27,13,0.0,3.140582309957066,2.582295825664356
384,48631937877,Ben Cline,Republican,Agriculture,2021-07-15,1,0.0,2.699513850319965,2.220957037866936
385,374666643098092,Congresswoman Lizzie Fletcher,Democrat,Education and Culture,2021-09-16,6,0.0,1.370950594454669,1.660964047443681
386,620769971337937,John Moolenaar,Republican,Immigration,2021-06-11,10,0.0,1.2309595631140104,1.6743816838322223
387,172764672811067,Chris Stewart,Republican,Other,2020-10-07,13,0.0,2.1619875896989464,1.8496111770981
388,7320486731,Chris Van Hollen,Democrat,Healthcare,2020-10-12,8,0.0,0.0,0.6666666666666666
389,129208720460165,Bill Huizenga,Republican,Defense,2021-09-17,4,0.0,2.824128475056091,1.9985583853658864
390,61198206469,Tracey Mann,Republican,Agriculture,2020-10-26,1,0.0,2.799998917083145,2.41841867924496
391,109504242401933,Morgan Griffith for Congress,Republican,Economy,2018-11-02,5,0.0,0.0,0.0
392,111324359048459,Dr. Roger Marshall,Republican,Immigration,2021-03-27,10,0.0,2.9121738810367424,1.422886154329259
393,1756203764401219,Jane Castor,Democrat,Other,2019-07-10,13,0.0,0.9709505944546688,1.2739860637853866
394,349068689306,Tim Scott,Republican,Economy,2021-10-21,5,0.0,1.9510115182719734,1.649484536082474
395,127744320598870,James E. Clyburn,Democrat,Healthcare,2021-07-03,8,0.0,0.8112781244591328,1.1428571428571428
396,102728205110465,Rep. Diana Harshbarger,Republican,Defense,2021-10-28,4,0.0,1.8951127720583547,2.04524505551564
397,184854668287658,Dutch Ruppersberger,Democrat,Law and Crime,2019-03-06,12,0.0,1.5,1.3333333333333333
398,414088715666968,Maryland Matt Rosendale,Republican,Agriculture,2018-10-29,1,0.0,1.8691628880322866,1.1720053000461967
399,163202650462603,Doug LaMalfa,Republican,Agriculture,2021-09-02,1,0.0,2.907009314945297,2.494110870850375
400,200259660733791,Sanford Bishop,Democrat,Agriculture,2020-08-17,1,0.0,0.0,0.0
401,306591716448427,Cindy Axne,Democrat,Defense,2021-08-30,4,0.0,2.8078850867069165,1.4926794795995575
402,112767930190251,Kay Granger Campaign,Republican,Immigration,2020-02-25,10,0.0,2.0705934438130758,2.000806249794448
403,586751814690068,Joni Ernst,Republican,Immigration,2021-04-09,10,0.0,2.5507875220163982,0.965413789096126
404,183020072173458,Rep. Claudia Tenney,Republican,Foreign Affair,2021-10-31,7,0.0,1.7642045065086203,1.4434355774223389
405,127216280686110,Ann Wagner,Republican,Healthcare,2020-11-02,8,0.0,2.2654604944809793,1.4222928522474854
406,355316521236121,John Cornyn,Republican,Law and Crime,2021-10-28,12,0.0,2.618118726535514,1.2288817527717788
407,102734125953,Rob Wittman,Republican,Law and Crime,2021-10-11,12,0.0,2.86817718254364,1.9571594512934185
408,224723288732,McKinley for Congress,Republican,Other,2020-10-26,13,0.0,2.040223928941852,1.7236282039449349
409,1809715209318581,Marjorie Taylor Greene,Republican,Foreign Affair,2021-09-26,7,0.0,2.64078236782148,2.1694765917524577
410,102247451379798,Jeff Fortenberry,Republican,Law and Crime,2020-10-21,12,0.0,2.186850260089036,1.58783751810195
411,165571920202215,Tom Carper for Delaware,Democrat,Transport,2018-08-29,15,0.0,0.9456603046006401,1.1891796189065709
412,2146201085498440,Tony Gonzales,Republican,Immigration,2021-10-19,10,0.0,2.0816901461460966,1.7539494402524698
413,301228420816284,Teresa Leger Fernandez,Democrat,Healthcare,2020-10-23,8,0.0,0.6170113358313555,0.3544555820245313
414,1585291608451100,Ted Budd,Republican,Education and Culture,2021-10-20,6,0.0,3.1722198220414097,2.5771434077302646
415,315402818913523,Rep. Ralph Norman,Republican,Labor and Employment,2021-08-23,11,0.0,3.1670132680549052,2.215762532626522
416,80987211775,Bill Cassidy,Republican,Economy,2021-06-17,5,0.0,2.065697432991789,1.5419336816798446
417,252274592332946,Representative Michael Waltz,Republican,Economy,2020-04-02,5,0.0,2.5530900835303276,2.0394839063274683
418,101487585033774,"Hell No, Don Bacon",Republican,Healthcare,2020-10-15,8,0.0,0.0,0.7581681820804204
419,105464510836,Vern Buchanan,Republican,Other,2020-10-26,13,0.0,2.572939667391451,2.268605803380559
420,105624038154155,Congressman Carlos A. Gimenez,Republican,Education and Culture,2021-04-22,6,0.0,1.5,1.1428571428571428
421,45066294038,Roger Williams,Republican,Healthcare,2020-10-27,8,0.0,2.3853864394687028,1.5819641007157028
422,153423912663,Gregorio Kilili Camacho Sablan,Democrat,Other,2019-06-14,13,0.0,3.139654490766507,2.691575998415038
423,204845412960834,Kevin Brady for Congress,Republican,Economy,2020-06-18,5,0.0,2.3747772777046836,1.952562412776058
424,225201434308108,Joe Manchin,Democrat,Law and Crime,2018-11-06,12,0.0,2.643528038286605,1.9820171693255464
425,165987503528599,Lindsey Graham,Republican,Immigration,2021-09-29,10,0.0,2.3312876591322973,0.5508693845421843
426,175317909284,Mark Greenberg,Republican,Economy,2018-08-14,5,0.0,0.36045639306579447,0.2515341403793393
427,160513344045084,John Neely Kennedy,Republican,Economy,2021-11-03,5,0.0,2.343725335506614,1.4929262496777524
428,105056767589816,Lisa McClain for Congress,Republican,Immigration,2020-08-03,10,0.0,2.4942255934544515,1.6701454994882197
429,516725565030981,Brendan Boyle,Democrat,Economy,2020-09-13,5,0.0,0.0,0.9825742227201616
430,175335262547741,Dan Kildee,Democrat,Healthcare,2019-11-14,8,0.0,2.907871865735126,2.3506070064423312
431,346390085432744,Sean Patrick Maloney,Democrat,Labor and Employment,2021-08-25,11,0.0,0.7435003814389822,0.2606398140446249
432,109673587226930,Danny K. Davis,Democrat,Civil Rights,2020-09-17,2,0.0,1.9219280948873625,1.6585200677766871
433,177551525610164,Jaime Herrera Beutler,Republican,Foreign Affair,2021-10-21,7,0.0,2.6235847487178825,1.9525824207784104
434,283932788322459,Pete Aguilar for Congress,Democrat,Immigration,2019-05-20,10,0.0,1.8970738935811624,1.8991561229788083
435,245244468941114,"Congressman Raul Ruiz, MD",Democrat,Economy,2020-08-04,5,0.0,1.7664461215195575,1.775956979788088
436,836444843136055,Elect John Curtis,Republican,Other,2018-11-02,13,0.0,1.617189572592715,1.5855728252087613
437,224684514243482,Tom Cotton,Republican,Defense,2021-10-19,4,0.0,2.339820698726816,0.7283514929307016
438,708346842676287,Dan Bishop,Republican,Other,2021-06-02,13,0.0,2.6211238781052355,2.2497351025681005
439,129203152966,Andy Barr,Republican,Immigration,2021-08-27,10,0.0,2.321199981023254,1.020962230347145
440,432386793516356,Tom Suozzi,Democrat,Healthcare,2020-05-25,8,0.0,1.8743968275792586,1.962149912200411
441,455155254543067,Sylvia R Garcia,Democrat,Labor and Employment,2020-10-25,11,0.0,1.419556298571613,1.718061297708364
442,1508257779494159,Deborah Ross,Democrat,Healthcare,2020-10-16,8,0.0,0.0,0.6666666666666666
443,7686808625,Jim Inhofe,Republican,Other,2021-10-13,13,0.0,2.109526332323075,1.9677356736333576
444,388547605724,Richard Neal,Democrat,Other,2020-08-26,13,0.0,2.732079979014067,2.074534358886329
445,156919911022572,Steven Horsford,Democrat,Defense,2021-09-21,4,0.0,2.833206219346495,2.469673197078493
446,1495042817173727,Marie Newman,Democrat,Labor and Employment,2020-10-03,11,0.0,2.4391040564157036,2.0013674431825264
447,339509270166412,Representative Kevin Hern,Republican,Climate,2021-10-27,3,0.0,2.5314787506020076,2.2651723795123924
448,451900515399684,Peter Meijer,Republican,Foreign Affair,2020-10-26,7,0.0,2.7369709679837015,2.2031118104841965
449,150763151677363,Markwayne Mullin,Republican,Defense,2021-10-25,4,0.0,2.5490265060877495,2.064861809311417
450,933921763326425,Catherine Cortez Masto,Democrat,Defense,2021-10-24,4,0.0,0.9426831892554923,1.055421861312437
451,241247646424302,Jahana Hayes,Democrat,Healthcare,2020-01-22,8,0.0,1.890735965450812,1.031020170583201
452,63002536261,John Thune,Republican,Other,2019-03-08,13,0.0,2.146782221599798,2.1333333333333333
453,370185306396534,Mike Rounds,Republican,Economy,2020-05-26,5,0.0,2.6556390622295667,2.3703703703703702
454,102530561547150,"Andrew ""China"" Clyde",Republican,Foreign Affair,2020-08-05,7,0.0,1.6087001655198911,1.6159736814245529
455,282272406201,Jackie Walorski,Republican,Economy,2021-10-28,5,0.0,2.224650550016407,1.823755983427213
456,1341543769290478,Kathy Manning,Democrat,Healthcare,2020-02-27,8,0.0,1.0234644857267388,0.8586663490446881
457,281835005264380,Eric Swalwell,Democrat,Foreign Affair,2019-06-28,7,0.0,1.9246711131316758,1.194786193829133
458,1536243343254565,Hal Rogers,Republican,Education and Culture,2021-07-20,6,0.0,0.0,0.6666666666666666
459,1888216188065538,Congressman James Comer,Republican,Foreign Affair,2021-07-07,7,0.0,2.402335426734748,2.0253164556962027
460,773301386014306,Glenn Grothman,Republican,Other,2020-10-23,13,0.0,2.94586167786869,2.3883612707566475
461,107037332686173,Michelle Fischbach for Congress,Republican,Foreign Affair,2021-06-08,7,0.0,2.746199606421101,2.2902244763044077
462,219673188073606,Joaquin Castro,Democrat,Foreign Affair,2019-10-22,7,0.0,1.3485878960124225,1.4636056848080874
463,286049384763373,Mike Crapo For U.S. Senate,Republican,Economy,2021-10-13,5,0.0,1.7819370635467042,1.9534452978042596
464,114371076772585,Andrew Garbarino,Republican,Economy,2021-06-22,5,0.0,2.679260300576478,1.3684596608917674
465,406456986070332,Matt Gaetz,Republican,Foreign Affair,2021-04-23,7,0.0,2.577316398068579,1.9286246162703085
466,221690171353068,Jay Obernolte,Republican,Healthcare,2020-10-21,8,0.0,2.2982789339108547,1.6953889829300712
467,1626954784219531,Lloyd Smucker,Republican,Law and Crime,2018-11-05,12,0.0,1.8773870642966128,1.903677461028802
468,105512331492146,Rep Pat Fallon,Republican,Education and Culture,2021-08-17,6,0.0,1.061278124459133,1.3333333333333333
469,112743960260284,Kansas Senator Mike Thompson,Democrat,Other,2020-10-26,13,0.0,0.5916727785823274,1.2282177784002015
470,276544112416355,Julia Brownley for Congress,Democrat,Defense,2018-10-22,4,0.0,0.7642045065086203,0.873346684070841
471,322194751726887,Rep. Russ Fulcher,Republican,Defense,2020-09-16,4,0.0,1.987773371487984,1.924228653433368
472,965181706946254,US Rep Nanette Diaz Barragán,Democrat,Social Welfare,2021-10-20,14,0.0,1.958646483360874,1.2903225806451613
473,123884330964019,Congressman André Carson,Democrat,Education and Culture,2021-04-12,6,0.0,0.9182958340544894,0.792481250360578
474,41228315130,Judy Chu,Democrat,Healthcare,2019-07-01,8,0.0,0.0,0.0
475,108358104117725,Shelby Labs for State Representative,Republican,Other,2020-10-20,13,0.0,0.9182958340544894,0.792481250360578
476,286532221381219,Nina Turner,Republican,Labor and Employment,2021-07-27,11,0.0,2.0804430168255363,1.4492508351067714
477,62808739121,Andy Fleischmann,Republican,Law and Crime,2018-08-13,12,0.0,1.9219280948873625,1.9540753499337424
478,218721288205051,Thomas Massie,Republican,Education and Culture,2020-06-01,6,0.0,2.2675739701245172,1.8704399073168017
479,150114079016438,Jean Simpson for Iowa,Republican,Education and Culture,2018-11-06,6,0.0,0.9182958340544894,1.0363895042511682
480,1504873886306347,Bryan Steil,Republican,Immigration,2021-09-08,10,0.0,2.805170014934029,2.396868448088694
481,157652584384932,David Schweikert,Republican,Other,2020-10-26,13,0.0,2.3932696895151087,2.321928094887362
482,671413332977763,Congressman Alex Mooney,Republican,Law and Crime,2021-11-03,12,0.0,1.2475562489182657,1.641025641025641
483,184104508356643,Scott Perry for Congress,Republican,Defense,2020-10-26,4,0.0,2.94287460379921,2.323215815581672
484,855135964527710,Trent Kelly,Republican,Economy,2021-07-21,5,0.0,2.4514137557544395,2.2362134739476125
485,362717827142514,Plaskett for Congress,Democrat,Other,2020-10-21,13,0.0,1.0,0.6666666666666666
486,257388981136219,Jodey Arrington,Republican,Agriculture,2020-10-25,1,0.0,2.1180782093497093,2.002828831842646
487,375301089246439,Thom Tillis,Republican,Defense,2020-10-26,4,0.0,2.909983551715907,1.7433592971214804
488,239866352781313,Tom Cole,Republican,Economy,2021-10-15,5,0.0,2.900556667701866,2.437083654714684
489,7814597100,Jim Jordan for Congress,Republican,Defense,2021-06-09,4,0.0,0.5883016865586493,0.2429999545892123
490,151186089494,Larry Bucshon,Republican,Foreign Affair,2021-10-05,7,0.0,2.4591479170272446,2.26418684256073
491,1228396643984955,Michelle Steel,Republican,Economy,2021-06-09,5,0.0,1.8392451292867347,0.8541195911280637
492,9157920604,Ken Calvert,Republican,Immigration,2021-07-20,10,0.0,2.1431741018335044,1.4506436447278377
493,1636216106590985,Josh Hawley,Republican,Education and Culture,2021-10-26,6,0.0,2.52385886349283,1.9569806171975617
494,15338600709,Janice Schakowsky,Democrat,Labor and Employment,2018-10-30,11,0.0,1.75,2.0
495,280117065340803,Bill Posey for Congress,Republican,Education and Culture,2020-10-26,6,0.0,1.971747257128181,2.002828831842646
496,174750213023790,"Mike Doyle for PA Representative, 170th District",Democrat,Healthcare,2020-10-29,8,0.0,2.4726995025836405,2.2362134739476125
497,182567716746,Congressman John Garamendi,Democrat,Economy,2021-10-08,5,0.0,0.0,0.0
